"id";"school";"gender";"age";"address";"famSize";"pStatus";"mEdu";"fEdu";"mJob";"fJob";"reason";"traveltime";"studytime";"failures";"schoolsup";"famsup";"paid";"activities";"nursery";"higher";"internet";"romantic";"famrel";"goout";"alc";"health";"g1";"g2";"pass"
1;0;0;17;0;0;1;1;1;0;4;0;1;2;0;0;1;0;0;0;1;1;0;5;3;0;3;9;11;1
2;0;0;15;0;0;1;1;1;0;4;3;1;2;0;1;0;0;0;1;1;1;0;4;2;0;3;12;13;1
3;0;0;15;0;0;1;4;2;3;2;1;1;3;0;0;1;0;1;1;1;1;1;3;2;0;5;14;14;1
4;0;0;16;0;0;1;3;3;4;4;1;1;2;0;0;1;0;0;1;1;0;0;4;2;0;5;11;13;1
5;0;1;16;0;0;1;4;3;2;4;2;1;2;0;0;1;0;1;1;1;1;0;5;2;0;5;12;12;1
6;0;1;16;0;0;1;2;2;4;4;1;1;2;0;0;0;0;0;1;1;1;0;4;4;0;3;13;12;1
7;0;0;17;0;0;0;4;4;4;1;1;2;2;0;1;1;0;0;1;1;0;0;4;4;0;1;10;13;1
8;0;1;15;0;0;0;3;2;2;4;1;1;2;0;0;1;0;0;1;1;1;0;4;2;0;1;15;16;1
9;0;1;15;0;0;1;3;4;4;4;1;1;2;0;0;1;0;1;1;1;1;0;5;1;0;5;12;12;1
10;0;0;15;0;0;1;4;4;1;3;2;1;2;0;0;1;0;0;1;1;1;0;3;3;0;2;14;14;1
11;0;0;15;0;0;1;2;1;2;4;2;3;3;0;0;1;0;1;1;1;1;0;5;2;0;4;10;12;1
12;0;1;15;0;0;1;4;4;3;2;0;1;1;0;0;1;0;1;1;1;1;0;4;3;0;5;12;13;1
13;0;1;15;0;0;1;4;3;1;4;0;2;2;0;0;1;0;0;1;1;1;0;5;3;0;3;12;12;1
14;0;1;15;0;0;0;2;2;4;4;1;1;3;0;0;1;0;0;1;1;1;1;4;2;0;3;14;14;1
15;0;0;16;0;0;1;4;4;3;4;1;1;1;0;0;1;0;0;1;1;1;0;4;4;0;2;17;17;1
16;0;0;16;0;0;1;4;4;2;2;2;1;3;0;0;1;0;1;1;1;1;0;3;3;0;2;13;13;1
17;0;0;16;0;0;1;3;3;4;4;2;3;2;0;1;1;0;1;1;1;0;0;5;2;0;4;13;14;1
18;0;1;17;0;0;1;3;2;2;2;0;1;1;3;0;1;1;1;1;1;1;0;5;5;0;5;8;8;0
19;0;1;16;0;0;1;4;3;3;4;1;1;1;0;0;0;0;1;1;1;1;0;3;3;0;5;12;12;1
20;0;1;15;0;0;1;4;3;1;4;2;1;2;0;0;0;0;0;1;1;1;0;4;1;0;1;12;13;1
21;0;1;15;0;0;1;4;4;3;3;3;1;1;0;0;1;1;0;1;1;1;0;5;2;0;5;11;12;1
22;0;1;16;0;0;1;4;2;1;4;0;1;2;0;0;0;0;1;1;1;1;0;4;1;0;5;12;13;1
23;0;1;16;0;0;1;2;2;4;4;2;2;2;0;0;1;0;1;1;1;1;0;5;4;0;5;10;10;1
24;0;0;15;1;0;1;2;4;2;3;0;1;3;0;1;1;0;1;1;1;1;0;4;2;0;5;10;11;1
25;0;0;16;0;0;1;2;2;2;2;1;1;1;0;0;1;0;0;0;1;1;0;1;2;0;5;10;11;1
26;0;1;15;0;0;1;2;2;4;4;1;1;1;0;0;1;0;0;1;1;1;0;4;2;0;5;11;12;1
27;0;1;15;0;0;1;4;2;3;2;3;1;1;0;0;0;0;0;1;1;1;0;2;4;0;1;11;11;1
28;0;1;16;0;0;0;3;4;2;4;1;1;2;0;1;1;1;1;1;1;1;0;5;3;0;5;12;12;1
29;0;1;16;0;0;1;4;4;1;1;1;1;2;0;0;1;1;1;1;1;1;1;4;5;1;5;12;11;1
30;0;1;15;0;0;1;4;4;3;2;1;1;2;0;0;1;1;0;0;1;1;0;5;2;1;5;10;11;1
31;0;1;15;0;0;1;4;4;2;2;2;2;2;0;0;1;0;1;1;1;1;0;4;1;0;5;15;15;1
32;0;1;15;1;0;1;4;3;1;0;0;1;2;0;0;1;0;1;1;1;1;1;4;2;0;5;13;14;1
33;0;1;15;0;0;1;3;3;4;4;0;1;2;0;0;0;0;1;0;1;1;0;5;2;0;2;13;12;1
34;0;1;16;0;0;1;3;2;4;4;1;1;1;0;0;1;0;0;0;1;1;0;5;3;0;5;12;12;1
35;0;0;15;0;0;1;2;3;4;4;3;2;1;0;0;1;0;1;1;1;0;0;3;1;0;5;11;11;1
36;0;1;15;0;0;1;4;3;1;2;1;1;3;0;0;1;0;1;1;1;1;0;5;3;0;4;14;14;1
37;0;1;16;1;0;0;4;4;4;1;2;2;3;0;0;1;0;1;1;1;1;1;2;3;0;5;13;13;1
38;0;0;15;1;0;1;3;4;2;3;0;1;3;0;1;1;0;1;1;1;1;0;4;2;0;5;11;12;1
39;0;0;15;1;0;1;2;2;0;4;2;1;1;0;1;1;0;1;1;1;0;0;4;1;0;2;14;13;1
40;0;0;16;0;0;1;2;2;4;4;1;2;2;0;0;1;0;1;0;1;1;1;3;3;0;3;11;11;1
41;0;1;15;0;0;1;4;4;1;4;1;1;1;0;0;1;0;0;0;1;1;1;5;3;0;5;10;11;1
42;0;1;15;0;0;1;4;4;2;1;0;1;2;0;0;1;0;1;1;1;1;0;4;3;0;5;14;15;1
43;0;1;15;0;0;1;2;2;2;2;0;1;1;0;1;1;0;0;1;1;1;0;5;1;0;1;9;10;1
44;0;0;16;0;0;1;2;2;4;0;0;2;2;1;1;0;0;1;1;1;1;0;4;3;0;5;10;11;1
45;0;0;15;0;0;0;4;3;4;4;0;1;2;0;1;1;1;1;1;1;1;1;5;2;0;5;10;11;1
46;0;0;16;0;0;0;3;3;4;2;1;1;2;0;0;1;0;0;1;1;1;0;2;5;0;3;13;12;1
47;0;1;16;0;0;1;4;3;3;2;2;1;4;0;0;0;0;1;1;1;1;0;4;2;0;2;17;17;1
48;0;1;15;0;0;1;4;2;1;4;1;1;2;0;0;1;0;0;1;1;0;0;4;3;0;5;11;12;1
49;0;0;15;0;0;1;4;4;2;1;3;1;2;0;1;1;0;1;0;1;1;0;4;4;0;3;13;12;1
50;0;0;16;0;0;1;2;2;2;2;0;3;2;0;0;1;0;0;1;1;1;0;4;3;0;4;14;13;1
51;0;0;15;0;0;1;4;2;3;4;3;1;2;0;0;1;0;0;1;1;1;0;4;3;0;5;16;14;1
52;0;1;15;0;0;0;4;2;3;3;3;2;1;0;0;0;0;0;1;1;0;0;5;5;1;5;10;9;0
53;0;0;15;0;0;1;4;4;2;2;0;1;1;0;1;1;0;0;1;1;1;0;3;4;0;5;13;12;1
54;0;0;15;0;0;0;3;3;4;4;3;1;1;0;0;0;0;0;1;1;1;0;5;4;1;1;13;12;1
55;0;0;16;0;0;0;2;1;4;4;3;1;2;0;0;0;0;1;1;1;1;1;5;4;0;2;12;13;1
56;0;0;15;0;0;0;4;3;2;2;2;1;2;0;0;1;0;1;1;1;1;0;4;2;0;1;15;14;1
57;0;1;15;0;0;1;4;4;1;3;2;1;2;0;0;1;0;1;1;1;0;0;3;2;0;5;15;15;1
58;0;1;15;0;0;1;1;2;4;0;1;1;2;0;1;1;0;1;1;1;1;0;4;2;0;5;14;13;1
59;0;0;16;0;0;1;4;2;2;4;0;1;2;0;0;1;1;0;1;1;1;0;4;3;0;5;16;15;1
60;0;0;16;1;0;1;4;4;3;1;3;1;2;0;0;1;0;1;1;1;0;0;2;4;0;4;17;16;1
61;0;0;16;0;0;1;1;1;2;2;0;4;1;0;1;1;0;1;0;1;1;1;5;5;1;5;10;10;1
62;0;0;16;0;0;1;1;2;4;2;2;1;2;0;1;0;0;1;1;1;1;0;4;3;0;1;13;13;1
63;0;0;16;0;0;1;4;3;1;3;1;1;3;0;1;1;0;1;1;1;1;0;3;4;0;4;14;13;1
64;0;0;15;0;0;1;4;3;2;2;2;1;2;0;1;0;0;1;1;1;1;1;4;4;0;2;13;12;1
65;0;0;16;0;0;1;4;3;1;2;0;3;2;0;0;1;0;1;1;1;1;0;5;3;0;1;16;15;1
66;0;1;15;0;0;0;4;4;4;2;2;1;4;0;0;1;0;1;0;1;1;1;1;3;1;3;11;12;1
67;0;0;16;0;0;1;3;1;2;4;0;1;4;0;1;1;0;0;1;1;1;0;4;3;0;5;10;9;1
68;0;0;15;1;0;1;2;2;3;2;2;2;2;0;1;1;0;0;1;1;1;0;4;3;0;4;11;10;1
69;0;0;15;1;0;1;3;1;4;4;2;2;4;0;0;1;0;0;0;1;1;0;4;2;0;3;15;15;1
70;0;1;16;0;0;1;3;1;4;4;2;2;4;0;0;1;0;0;1;1;1;0;4;2;0;5;13;11;1
71;0;1;15;0;0;1;4;2;4;4;0;1;4;0;0;0;0;0;1;1;1;0;3;3;0;3;11;9;1
72;0;0;15;1;0;1;1;1;4;4;2;1;2;0;1;1;0;0;0;1;1;1;3;4;0;5;13;11;1
73;0;1;16;0;0;1;3;1;4;4;2;1;1;0;0;0;0;1;1;1;0;0;5;2;0;5;13;13;1
74;0;0;16;0;0;1;3;3;4;2;1;1;2;0;1;1;0;1;1;1;1;0;4;3;0;5;11;11;1
75;0;1;15;0;0;1;4;3;1;4;1;1;2;0;0;1;0;1;1;1;1;0;4;3;0;5;11;11;1
76;0;1;15;0;0;1;4;0;1;4;0;2;4;0;0;0;0;1;1;1;1;0;3;3;0;1;12;11;1
77;0;0;16;0;0;1;2;2;4;4;2;1;4;0;0;0;0;0;1;1;1;1;5;3;0;3;13;13;1
78;0;1;17;0;0;1;2;1;4;4;1;2;1;3;1;1;0;1;1;0;1;0;4;1;0;3;9;9;1
79;0;0;16;0;0;1;3;4;0;4;0;1;2;0;0;1;0;0;1;1;1;0;2;3;0;3;12;11;1
80;0;1;15;0;0;1;2;3;4;2;0;1;1;0;1;1;0;1;0;1;1;1;3;2;0;3;11;11;1
81;0;1;15;0;0;1;2;3;4;4;1;1;3;0;1;0;0;0;0;1;1;0;5;2;0;5;10;9;0
82;0;0;15;0;0;1;3;2;2;4;2;1;2;0;0;1;0;0;1;1;1;0;4;4;0;5;12;11;1
83;0;1;15;0;0;1;2;2;2;2;1;2;2;0;0;0;1;1;1;1;1;0;5;3;0;4;13;12;1
84;0;0;15;0;0;1;1;1;4;4;1;1;2;0;0;1;0;1;0;1;1;0;4;2;0;4;13;12;1
85;0;0;15;0;0;1;4;4;2;2;2;2;2;0;0;0;0;0;1;1;1;1;4;4;0;5;12;11;1
86;0;0;16;0;0;1;2;2;0;4;0;1;2;0;0;1;0;0;1;1;0;0;4;4;0;2;13;11;1
87;0;0;15;0;0;1;4;2;4;4;2;1;3;0;0;1;0;1;1;1;1;0;5;3;0;1;15;15;1
88;0;1;16;0;0;1;2;2;2;4;2;2;2;0;0;0;0;1;0;1;1;0;4;2;0;3;12;10;1
89;0;1;16;0;0;0;4;4;1;3;2;1;2;0;0;1;0;0;1;1;0;0;4;3;1;5;9;9;1
90;0;0;16;0;0;1;3;3;4;4;1;1;3;0;0;1;0;0;1;1;1;1;4;3;0;4;9;11;1
91;0;0;15;0;0;1;4;3;2;4;2;1;1;0;0;0;0;1;1;1;1;0;4;5;0;1;14;13;1
92;0;0;16;0;0;1;3;1;4;4;1;1;2;0;1;1;0;0;1;1;0;0;3;3;0;2;12;13;1
93;0;0;16;0;0;1;4;2;1;2;1;2;2;0;0;1;0;1;1;1;1;0;5;3;0;1;13;14;1
94;0;1;15;0;0;1;2;2;2;3;2;1;4;0;0;1;0;1;1;1;1;0;4;4;0;4;11;12;1
95;0;0;15;1;0;1;1;1;0;4;1;2;4;0;1;1;1;1;1;1;1;0;3;2;0;1;13;13;1
96;0;1;16;1;0;1;4;3;2;4;2;2;1;0;1;1;1;1;0;1;1;0;3;3;0;4;9;11;1
97;0;0;16;0;0;1;2;1;4;4;0;1;2;0;0;1;0;0;1;1;0;1;4;5;0;5;13;12;1
98;0;0;16;0;0;1;4;4;4;4;2;1;1;0;0;0;0;1;0;1;1;0;5;4;0;1;12;13;1
99;0;0;16;0;0;1;4;3;4;0;0;1;3;0;1;1;0;0;1;1;1;0;5;5;0;3;12;13;1
100;0;1;16;0;0;1;4;4;2;2;3;1;1;0;1;1;0;1;1;1;1;0;4;5;1;4;9;9;0
101;0;1;16;0;0;1;4;4;2;1;3;1;3;0;0;1;0;1;1;1;1;1;4;3;0;4;16;16;1
102;0;1;15;0;0;1;4;4;2;4;0;1;1;0;0;1;1;1;0;1;1;0;5;3;0;5;12;13;1
103;0;0;15;0;0;1;3;2;2;4;1;2;2;0;1;1;0;0;1;1;1;0;4;5;0;2;11;10;1
104;0;1;15;0;0;0;3;4;2;4;0;1;2;0;0;1;0;1;1;1;1;0;5;4;0;1;16;16;1
105;0;0;15;0;0;0;3;3;4;3;2;1;4;0;1;0;0;0;1;1;0;0;4;3;0;4;10;10;1
106;0;0;15;0;0;1;2;2;4;4;0;1;4;0;1;1;0;0;1;1;1;0;5;2;0;3;10;10;1
107;0;1;16;0;0;1;3;3;2;4;1;1;3;0;0;1;0;1;1;1;1;0;5;3;0;5;13;14;1
108;0;1;15;1;0;1;4;4;4;4;1;4;4;0;0;1;0;1;1;1;1;1;1;5;1;1;12;10;1
109;0;0;16;0;0;1;4;4;3;3;3;1;3;0;0;1;0;1;1;1;1;1;5;5;0;4;15;15;1
110;0;1;15;0;0;0;4;4;1;1;0;1;1;0;0;0;0;1;1;1;1;0;5;3;0;4;13;14;1
111;0;0;16;1;0;1;3;3;2;4;2;1;3;0;1;1;0;1;1;1;1;0;4;2;0;2;11;11;1
112;0;0;16;0;0;1;2;2;0;4;1;1;2;1;1;0;0;1;1;1;1;0;3;2;0;5;8;10;1
113;0;1;15;0;0;1;4;2;1;4;0;1;1;0;0;0;0;0;1;1;1;0;3;2;0;3;18;17;1
114;0;1;15;1;0;1;2;1;3;2;2;1;2;0;0;0;0;1;1;1;1;1;5;2;0;5;10;9;1
115;0;1;16;0;0;1;4;4;1;1;0;1;2;0;0;1;0;1;1;1;1;0;5;4;0;5;16;14;1
116;0;1;15;0;0;1;4;4;4;1;2;2;2;0;0;1;0;1;1;1;0;0;4;3;0;2;16;15;1
117;0;1;16;0;0;1;3;3;4;2;1;2;1;0;0;0;0;1;1;1;1;0;5;2;0;5;14;14;1
118;0;1;17;1;0;1;1;3;4;4;0;3;2;1;0;1;0;1;1;1;1;0;5;4;0;5;12;11;1
119;0;1;15;0;0;1;3;4;4;4;2;1;1;0;0;0;0;0;1;1;1;0;3;3;0;4;14;13;1
120;0;0;15;0;0;1;1;2;0;2;0;1;2;0;0;0;0;0;0;1;1;0;3;3;0;1;14;14;1
121;0;1;15;0;0;1;2;2;2;2;1;1;4;0;0;1;0;1;1;1;1;0;5;4;0;5;14;13;1
122;0;0;16;0;0;1;2;4;4;3;0;2;2;0;0;1;0;1;1;1;1;1;4;2;0;5;14;12;1
123;0;1;16;0;0;1;4;4;3;4;0;1;1;0;0;1;0;1;1;1;1;0;3;4;0;5;12;13;1
124;0;0;16;0;0;1;2;2;4;4;1;1;2;0;0;0;0;0;1;1;1;1;5;4;0;5;12;11;1
125;0;1;15;0;0;1;3;4;2;2;1;1;1;0;1;0;0;0;1;1;1;0;5;5;0;5;9;9;0
126;0;0;15;0;0;0;3;4;4;4;1;1;2;0;1;0;0;1;1;1;1;1;5;2;0;1;10;11;1
127;0;0;19;0;0;1;0;1;0;4;0;1;2;2;0;1;0;0;0;0;0;0;3;2;0;5;9;10;1
128;0;1;16;1;0;1;4;4;1;1;0;1;1;0;0;0;0;1;1;1;1;0;3;5;0;4;14;14;1
129;0;1;16;0;0;1;2;3;4;4;0;2;3;0;0;1;0;0;0;1;1;1;3;3;0;1;13;12;1
130;0;0;15;1;0;1;3;4;2;1;0;2;3;0;0;1;0;0;1;1;1;1;4;2;0;5;10;11;1
131;0;0;18;0;0;1;2;1;2;4;2;1;2;3;0;1;0;1;1;0;1;1;5;5;0;5;10;9;0
132;0;0;17;0;0;0;2;1;4;4;0;3;1;0;0;1;0;0;1;1;1;0;3;2;0;5;11;10;1
133;0;0;15;0;0;1;1;1;0;4;0;3;1;0;0;1;0;1;0;1;1;1;4;3;0;4;11;12;1
134;0;0;17;0;0;1;2;2;4;4;0;1;1;0;0;1;0;0;1;1;1;1;3;4;0;5;13;12;1
135;0;0;16;0;0;0;3;4;2;4;0;1;1;0;0;0;0;0;1;1;1;0;3;1;0;5;15;13;1
136;0;1;16;0;0;1;2;1;0;4;0;4;1;0;0;0;0;0;1;1;0;0;3;1;0;2;9;9;1
137;0;0;16;0;0;0;2;2;4;4;1;1;1;1;0;0;0;0;1;1;0;0;5;4;0;5;13;11;1
138;0;1;15;1;0;1;3;4;0;1;0;4;2;0;0;1;0;0;1;1;0;1;5;3;0;5;12;11;1
139;0;0;15;0;0;1;4;4;2;0;0;1;3;0;0;1;0;1;1;1;1;1;4;3;0;5;13;14;1
140;0;1;17;1;0;1;3;4;0;4;0;3;2;0;0;0;0;0;1;1;0;0;5;5;0;5;10;9;1
141;0;0;16;1;0;1;1;1;0;4;0;4;2;0;0;1;0;0;1;1;0;0;5;3;0;3;14;13;1
142;0;1;18;0;0;1;3;1;2;2;0;2;1;0;0;0;0;1;1;1;1;1;3;4;1;4;11;11;1
143;0;0;18;0;0;0;3;2;4;2;0;1;3;0;0;1;0;1;0;1;1;1;4;3;1;5;12;11;1
144;0;0;16;1;0;1;1;1;4;2;2;2;1;0;0;1;0;1;1;1;0;1;3;3;0;1;12;11;1
145;0;0;16;0;0;0;3;3;4;4;0;2;1;0;0;1;0;1;0;1;1;1;4;2;0;5;9;9;1
146;0;1;16;0;0;1;1;1;2;4;0;1;2;2;0;0;0;0;1;1;0;1;4;4;0;5;10;10;1
147;0;0;15;0;0;1;4;4;1;1;0;2;1;0;0;0;0;1;1;1;1;0;4;2;0;5;13;14;1
148;0;0;15;1;0;1;1;1;4;4;0;3;1;1;0;0;0;1;1;1;1;1;5;5;0;1;8;9;0
149;0;1;15;0;0;1;4;3;1;2;0;2;4;0;1;1;0;0;1;1;1;0;2;2;0;3;9;11;1
150;0;0;15;0;0;0;3;3;2;2;1;1;2;0;0;0;0;0;0;1;0;1;1;2;0;1;9;8;0
151;0;1;16;0;0;1;4;4;2;2;0;1;3;0;0;1;0;1;1;1;1;0;5;3;0;5;15;13;1
152;0;1;16;0;0;1;2;2;2;2;2;2;1;0;0;1;0;1;1;1;1;0;2;3;0;2;12;11;1
153;0;0;15;0;0;1;4;4;1;2;0;1;3;0;0;1;0;1;1;1;1;0;4;2;0;5;13;13;1
154;0;0;16;0;0;1;1;1;0;0;0;1;1;0;0;0;0;0;1;1;1;0;3;4;1;1;10;11;1
155;0;1;17;0;0;1;2;1;4;4;1;1;1;0;0;1;0;0;1;1;1;0;5;5;0;5;9;7;0
156;0;0;15;0;0;1;1;1;4;2;0;1;2;0;0;1;0;0;1;1;1;0;4;2;0;5;12;12;1
157;0;0;15;0;0;0;2;1;0;4;1;2;1;0;0;1;0;1;1;0;1;1;4;2;0;5;11;10;1
158;0;0;15;0;0;1;3;2;3;2;1;1;2;1;0;1;0;0;1;1;1;0;3;2;0;3;11;11;1
159;0;0;15;0;0;1;1;2;0;4;0;1;2;0;0;1;0;0;0;1;1;0;4;2;0;5;13;12;1
160;0;0;15;0;0;1;1;2;0;2;0;1;2;0;0;0;0;0;0;1;0;1;2;4;0;1;11;11;1
161;0;1;16;0;0;1;4;4;1;1;0;1;1;0;0;1;0;0;1;0;1;1;3;2;0;5;9;9;0
162;0;1;15;0;0;0;2;1;2;4;0;4;1;0;0;0;0;0;1;1;1;0;4;5;0;5;12;11;1
163;0;1;18;0;0;1;1;1;4;4;0;1;1;2;0;0;0;0;1;0;1;1;2;5;0;4;11;9;0
164;0;1;16;0;0;1;2;1;0;4;0;1;1;1;0;0;0;1;1;1;0;1;4;4;1;5;9;10;1
165;0;0;15;1;0;1;3;3;2;2;2;2;3;0;0;1;1;1;1;1;1;1;4;1;0;3;13;13;1
166;0;1;19;0;0;1;3;2;2;0;1;1;1;0;0;1;0;0;1;0;1;1;4;4;0;4;11;9;1
167;0;0;17;0;0;1;4;4;4;1;0;1;1;0;1;1;0;0;1;1;0;1;4;1;0;4;13;13;1
168;0;1;15;1;0;1;2;3;0;2;0;1;2;0;1;0;1;1;1;1;0;0;4;4;0;1;7;8;0
169;0;1;17;1;0;1;1;2;4;4;2;1;1;3;0;0;0;0;1;1;0;0;2;2;1;5;9;8;1
170;0;0;18;1;0;1;1;1;0;4;0;3;1;3;0;1;0;1;0;1;0;0;5;5;0;4;11;10;1
171;0;1;16;1;0;1;2;2;0;4;0;3;1;0;0;0;0;0;0;1;0;0;4;2;0;3;12;10;1
172;0;1;16;0;0;1;3;3;4;2;0;1;2;1;0;1;0;0;1;1;1;1;4;5;1;5;10;10;0
173;0;1;16;0;0;1;1;2;3;2;0;2;1;2;0;0;0;0;0;1;1;0;4;5;1;5;9;8;1
174;0;1;17;1;0;1;2;1;0;4;0;2;1;1;0;0;1;1;1;0;1;1;3;2;0;5;8;8;0
175;0;1;17;1;0;1;3;2;4;4;0;2;2;2;1;1;0;0;1;1;1;1;4;4;0;3;7;6;0
176;0;1;15;0;0;1;1;2;4;4;0;2;1;0;0;0;0;1;1;1;0;0;4;4;0;5;8;9;1
177;0;1;16;0;0;1;1;3;0;2;0;1;1;1;0;0;0;0;1;0;1;0;5;3;0;2;9;8;0
178;0;1;17;1;0;1;1;1;4;2;0;4;2;0;0;0;0;1;1;0;0;1;5;5;0;5;8;8;0
179;0;1;17;0;0;1;3;2;2;2;0;2;1;3;0;1;0;1;0;0;0;0;4;2;0;2;8;7;0
180;0;1;16;0;0;1;2;2;4;4;0;1;2;0;0;0;0;0;1;0;1;0;4;5;0;4;9;10;1
181;0;0;16;0;0;1;4;2;3;2;1;1;2;0;0;0;0;0;1;1;1;1;4;3;0;3;17;17;1
182;0;0;16;0;0;1;2;2;4;4;1;1;2;0;0;1;0;0;0;1;1;0;5;5;0;4;12;12;1
183;0;0;16;0;0;1;4;4;3;3;2;1;2;0;0;1;0;0;1;1;1;1;4;2;0;3;16;16;1
184;0;1;16;0;0;1;3;4;4;4;0;3;1;1;0;1;0;1;0;1;1;0;3;5;0;2;9;9;1
185;0;1;16;0;0;1;1;0;4;4;2;2;2;0;0;1;0;1;1;1;1;1;4;2;0;3;16;17;1
186;0;1;17;0;0;1;4;4;1;4;2;1;2;0;0;1;0;1;1;1;1;0;4;4;0;5;11;9;1
187;0;0;16;0;0;1;1;3;0;2;1;1;2;0;0;0;0;1;0;1;1;1;4;5;0;3;14;13;1
188;0;0;16;0;0;1;3;3;4;4;2;2;2;0;0;1;0;1;1;1;1;0;4;5;0;4;14;14;1
189;0;1;17;0;0;1;4;3;1;4;0;2;2;0;0;0;0;1;1;1;1;0;4;4;1;4;10;11;1
190;0;0;16;0;0;1;2;2;2;4;2;2;2;0;0;0;0;1;0;1;1;0;3;4;0;5;13;12;1
191;0;1;17;0;0;1;3;3;4;4;2;1;2;0;0;0;0;1;0;1;1;0;4;4;0;4;11;9;1
192;0;1;16;1;0;1;4;2;1;2;3;1;1;0;0;1;0;1;1;1;1;1;4;3;1;3;10;9;1
193;0;1;17;0;0;1;4;3;4;4;0;1;2;0;0;1;1;1;1;1;1;1;5;3;0;2;11;11;1
194;0;1;16;0;0;1;4;3;1;4;1;1;2;0;0;1;1;1;1;1;1;0;3;3;0;3;11;10;1
195;0;1;16;0;0;1;3;3;2;4;1;1;2;0;0;0;0;1;1;1;1;1;4;3;0;3;11;12;1
196;0;0;17;0;0;1;2;4;2;2;2;1;2;0;0;1;0;1;1;1;0;0;5;2;0;5;17;18;1
197;0;0;17;0;0;1;3;3;4;4;2;1;2;0;0;1;0;1;1;1;1;1;5;3;0;1;14;13;1
198;0;0;16;0;0;1;3;2;4;4;2;1;2;0;0;1;0;0;1;1;1;0;1;2;0;1;14;15;1
199;0;1;17;0;0;1;3;3;2;2;3;1;2;0;0;1;0;1;1;1;1;1;4;4;0;4;11;13;1
200;0;1;16;0;0;1;1;2;2;2;3;1;1;0;0;1;0;1;1;1;1;1;3;3;0;3;10;9;1
201;0;1;16;0;0;1;2;1;4;4;0;1;2;0;0;0;0;1;1;1;1;1;4;3;0;5;13;14;1
202;0;0;17;0;0;0;3;3;3;4;2;1;2;0;0;1;0;0;0;1;1;1;3;3;0;3;12;13;1
203;0;1;17;1;0;1;1;2;0;4;1;1;2;0;0;0;0;0;1;1;0;0;3;3;0;3;9;9;1
204;0;0;16;0;0;1;2;3;2;2;0;1;2;0;0;0;0;0;1;1;1;0;4;3;0;2;12;12;1
205;0;0;17;0;0;1;1;1;0;2;0;1;2;0;0;0;0;1;1;1;1;0;5;3;0;3;12;11;1
206;0;1;17;0;0;1;1;2;0;2;3;2;2;0;0;0;0;1;0;1;1;0;4;4;1;5;10;11;1
207;0;1;16;1;0;1;3;3;2;2;2;1;1;0;0;1;0;1;1;1;1;0;4;2;1;5;11;10;1
208;0;1;16;0;0;1;2;3;4;4;1;2;1;0;0;0;0;0;1;1;1;0;5;3;0;3;13;12;1
209;0;0;17;0;0;1;2;4;2;2;0;1;2;0;0;0;0;1;1;1;1;1;4;2;0;5;14;15;1
210;0;1;17;0;0;1;4;4;2;1;1;1;1;0;0;0;0;0;1;1;1;0;5;3;0;5;13;13;1
211;0;1;16;1;0;1;3;3;1;4;1;3;1;0;0;1;0;1;1;1;1;0;3;4;1;3;10;11;1
212;0;0;17;0;0;1;4;4;2;1;1;2;1;1;0;1;0;0;1;1;1;0;4;4;0;2;14;15;1
213;0;0;16;0;0;1;4;4;1;1;2;1;2;0;0;1;0;0;1;1;1;0;4;2;0;3;11;10;1
214;0;0;16;0;0;1;4;3;3;4;1;1;2;0;0;1;0;1;1;1;1;0;4;5;0;2;14;14;1
215;0;0;16;0;0;1;2;3;4;4;2;1;2;0;1;1;0;1;1;1;0;0;4;3;0;4;11;12;1
216;0;0;17;0;0;1;1;1;4;4;0;1;2;0;0;1;0;0;0;1;0;0;4;4;0;1;14;15;1
217;0;0;17;1;0;1;2;2;4;4;2;1;1;0;0;1;0;0;1;1;1;0;5;2;0;3;13;13;1
218;0;0;16;1;0;1;2;2;2;2;2;2;4;0;0;1;0;1;0;1;1;0;5;5;0;5;13;13;1
219;0;0;17;0;0;1;3;4;0;2;1;1;3;1;0;1;1;0;1;1;1;1;4;3;1;5;8;9;0
220;0;0;16;0;0;0;3;1;2;4;0;1;2;0;0;1;0;0;1;1;1;0;2;3;0;4;11;11;1
221;0;0;16;0;0;1;4;3;1;4;3;1;2;0;0;0;0;1;1;1;1;1;1;2;0;1;14;15;1
222;0;0;16;0;0;1;1;1;0;4;1;2;1;0;0;1;0;0;1;1;0;0;4;2;0;5;12;13;1
223;0;0;17;1;0;1;4;3;1;4;2;2;3;0;0;1;0;1;1;1;1;1;4;2;0;4;11;12;1
224;0;0;19;0;0;1;3;3;4;4;2;1;4;0;0;1;0;1;1;1;1;0;4;3;0;3;12;12;1
225;0;1;17;0;0;1;4;4;2;4;1;1;2;0;0;1;0;0;1;1;1;1;5;5;1;3;13;12;1
226;0;0;16;0;0;0;2;2;4;4;2;1;2;0;1;1;0;0;1;1;1;0;3;4;0;4;13;13;1
227;0;1;18;0;0;1;2;2;2;4;1;1;2;0;0;1;0;1;1;1;1;0;4;4;0;5;12;11;1
228;0;0;17;1;0;1;4;4;2;4;3;1;1;0;0;1;0;0;1;1;0;0;5;1;0;3;12;11;1
229;0;0;17;0;0;1;3;2;4;4;2;2;2;0;0;0;0;0;1;1;1;0;4;4;0;1;14;16;1
230;0;0;17;0;0;1;4;3;4;4;2;1;2;0;0;0;0;0;1;1;1;1;3;5;0;1;11;9;1
231;0;1;18;0;0;1;3;3;2;3;1;1;2;0;0;1;0;0;1;1;1;0;3;4;0;4;10;10;1
232;0;0;17;0;0;1;2;3;0;4;1;2;1;0;0;1;0;0;1;1;0;0;3;3;0;3;12;13;1
233;0;0;17;0;0;1;2;2;0;0;0;1;3;0;0;1;0;1;1;1;1;0;4;3;0;4;12;12;1
234;0;0;17;1;0;1;2;1;0;2;2;2;2;0;0;1;0;1;1;1;1;0;4;5;0;5;11;10;1
235;0;0;17;0;0;1;1;1;0;4;2;1;3;0;0;1;0;1;1;1;0;1;4;4;0;5;12;12;1
236;0;0;16;0;0;1;2;3;2;1;3;1;2;0;1;0;0;0;1;1;1;0;2;1;0;3;13;13;1
237;0;1;18;0;0;1;2;2;4;4;1;2;2;3;0;1;1;0;1;1;1;0;3;3;1;4;10;9;1
238;0;0;16;0;0;1;4;4;1;2;1;1;3;0;0;1;0;1;0;1;1;0;5;2;0;5;15;16;1
239;0;0;18;1;0;1;3;1;4;4;2;1;2;0;0;0;0;1;1;1;1;1;5;3;0;4;8;8;0
240;0;0;17;0;0;1;3;2;4;4;0;1;2;0;0;0;0;1;0;1;1;0;5;4;0;3;17;18;1
241;0;1;17;0;0;1;2;3;2;2;2;1;2;0;0;1;0;0;0;1;1;0;5;3;0;3;10;11;1
242;0;1;18;0;0;1;2;1;0;4;0;4;2;0;1;1;0;1;1;1;1;1;4;2;1;3;9;10;1
243;0;0;17;0;0;0;2;1;4;4;0;2;3;0;0;0;0;1;1;1;1;1;3;3;0;3;15;15;1
244;0;0;17;0;0;1;4;3;3;4;2;1;2;0;0;0;0;1;1;1;1;1;3;3;0;3;14;12;1
245;0;1;17;1;0;1;2;2;4;4;0;2;2;0;0;1;0;1;1;1;1;0;4;2;0;1;12;13;1
246;0;1;17;0;0;1;4;4;1;1;2;1;2;0;1;1;0;1;1;1;1;1;4;5;0;2;13;13;1
247;0;1;16;0;0;1;4;4;3;4;2;1;2;0;0;1;0;1;1;1;1;0;4;4;0;1;13;13;1
248;0;1;16;0;0;1;1;1;4;4;1;2;2;0;0;1;0;0;1;1;1;0;3;2;0;5;9;9;0
249;0;1;16;0;0;1;3;2;0;4;2;2;3;0;0;0;0;1;1;1;1;1;5;3;0;2;12;12;1
250;0;1;17;0;0;1;2;2;4;4;1;1;2;0;0;0;0;1;0;1;1;1;4;2;1;4;16;16;1
251;0;0;16;0;0;1;2;1;4;4;1;1;1;0;0;0;0;0;1;1;1;1;4;2;0;5;9;10;1
252;0;0;16;0;0;0;4;1;4;4;1;1;2;0;0;0;0;1;1;1;1;1;5;3;0;5;14;13;1
253;0;0;18;0;0;0;2;4;2;4;0;2;2;1;0;1;0;0;1;1;1;0;4;3;0;3;10;10;1
254;0;0;18;0;0;1;2;2;0;2;0;1;2;1;0;1;0;0;0;1;1;1;5;1;0;5;9;8;1
255;0;0;18;0;0;1;3;3;4;4;0;2;1;1;0;0;0;0;1;0;1;0;4;1;0;3;8;7;0
256;0;1;18;0;0;1;2;2;4;0;0;1;1;1;0;1;0;1;0;0;1;1;4;3;0;1;7;8;0
257;0;1;17;0;0;1;4;4;1;1;0;1;1;0;0;1;0;1;0;1;1;0;4;1;0;5;10;8;0
258;0;0;17;0;0;1;3;2;4;4;0;1;2;0;0;0;0;1;1;1;0;0;5;2;0;3;14;14;1
259;0;0;17;0;0;1;1;1;0;0;0;1;3;0;0;1;0;1;1;1;1;1;4;2;0;4;11;10;1
260;0;0;16;0;0;1;1;2;4;4;0;1;1;0;0;0;0;0;1;0;1;0;5;5;0;5;12;11;1
261;0;0;17;1;0;1;2;1;0;2;0;3;2;0;0;0;0;1;1;1;0;0;2;1;0;3;13;13;1
262;0;0;17;1;0;0;1;4;4;4;0;4;1;1;0;1;0;0;1;1;1;0;5;4;0;5;9;9;0
263;0;1;18;0;0;1;2;2;4;2;2;1;2;0;0;0;0;0;1;0;1;0;5;4;1;2;8;7;0
264;0;0;17;0;0;0;2;2;4;4;1;1;1;1;0;1;0;0;0;0;1;0;3;2;0;1;11;9;1
265;0;0;17;1;0;1;1;1;0;4;0;2;3;0;0;0;0;1;1;1;1;0;4;3;0;5;15;14;1
266;0;0;17;0;0;0;4;2;1;4;0;1;2;0;0;1;0;1;1;1;0;0;4;2;0;4;15;14;1
267;0;1;17;0;0;1;4;3;3;4;0;2;2;0;0;0;0;1;1;1;1;1;2;5;0;5;15;15;1
268;0;1;17;1;0;0;4;4;1;4;0;2;2;0;0;1;0;0;1;1;1;0;3;3;0;4;12;12;1
269;0;1;16;0;0;1;4;3;1;4;0;1;1;0;0;0;0;1;0;1;1;0;5;5;0;3;14;14;1
270;0;1;16;0;0;1;4;4;2;2;0;1;1;0;0;0;1;1;1;1;1;0;5;2;0;5;14;15;1
271;0;0;17;0;0;1;4;4;1;2;0;1;2;0;0;1;1;0;1;1;1;1;5;1;0;5;11;11;1
272;0;1;17;1;0;1;1;1;4;4;1;2;3;0;0;0;0;0;0;1;1;1;4;3;0;1;13;14;1
273;0;0;17;0;0;1;3;3;2;4;1;2;3;0;0;1;0;0;1;1;1;1;4;2;0;5;11;11;1
274;0;0;17;0;0;1;1;1;0;4;0;1;2;0;1;0;0;0;0;1;0;1;4;2;0;4;10;9;1
275;0;0;18;0;0;1;2;1;4;4;0;2;3;0;0;1;0;0;0;1;1;1;4;4;0;3;12;10;1
276;0;1;16;0;0;1;2;1;4;4;0;3;1;0;0;0;0;0;1;1;1;0;4;3;0;4;15;16;1
277;0;0;17;0;0;1;1;1;4;2;0;1;2;0;0;1;0;0;1;1;0;0;4;4;0;5;11;10;1
278;0;1;17;0;0;1;2;3;4;4;0;2;1;0;0;0;0;0;1;1;1;0;5;2;0;2;9;12;1
279;0;1;22;0;0;1;3;1;2;2;3;1;1;3;0;0;0;0;0;0;1;1;5;5;1;1;7;8;0
280;0;1;18;1;0;1;3;3;4;2;0;1;2;0;0;1;0;0;1;1;1;1;4;3;0;5;10;9;1
281;0;1;16;0;0;1;0;2;4;4;3;1;1;0;0;0;0;0;0;1;1;0;4;2;0;5;11;12;1
282;0;1;18;0;0;1;3;2;2;4;0;2;1;0;0;0;0;0;1;0;1;0;4;5;0;5;7;8;0
283;0;1;16;0;0;1;3;3;0;4;2;3;2;1;1;1;0;0;0;1;1;0;5;3;0;2;9;11;1
284;0;1;18;0;0;1;2;1;2;2;3;1;1;2;0;0;0;0;0;0;1;0;3;5;0;5;7;8;0
285;0;1;16;1;0;1;2;1;4;4;0;2;1;0;0;0;0;1;0;1;0;0;3;2;0;3;14;13;1
286;0;1;17;1;0;1;2;1;4;4;0;1;1;0;0;0;0;0;0;1;1;0;4;2;0;5;12;12;1
287;0;1;17;0;0;1;1;1;3;4;0;2;1;1;0;1;0;1;1;1;1;0;4;4;0;5;9;10;1
288;0;0;18;0;0;0;2;1;4;4;0;1;2;0;0;1;0;0;0;1;1;1;4;4;0;5;12;12;1
289;0;0;17;0;0;1;4;2;1;2;2;1;4;0;0;1;0;1;1;1;1;0;4;3;0;4;14;15;1
290;0;0;19;0;0;1;2;2;2;2;1;1;2;0;0;1;0;0;1;1;1;0;4;3;0;5;10;10;1
291;0;1;18;0;0;1;2;1;2;4;0;3;2;1;0;0;0;1;0;0;1;0;4;5;1;5;11;10;1
292;0;0;17;1;0;1;4;2;4;4;0;1;3;0;0;1;0;1;1;1;1;0;4;4;0;5;11;12;1
293;0;0;18;0;0;1;1;1;4;0;1;1;3;0;0;1;0;0;0;1;0;0;4;3;0;3;11;12;1
294;0;0;18;1;0;1;2;2;4;4;1;1;2;0;1;0;0;0;1;1;0;0;3;3;0;5;11;11;1
295;0;1;19;0;0;0;4;3;2;0;2;1;2;0;0;1;0;0;1;1;1;0;4;1;0;1;11;13;1
296;0;1;18;0;0;1;2;1;4;4;1;1;2;0;0;0;0;1;1;1;1;0;5;4;0;4;16;16;1
297;0;1;17;1;0;1;2;2;4;2;3;2;1;0;0;0;0;0;0;0;0;0;5;2;0;4;9;10;1
298;0;0;17;0;0;1;2;2;2;2;0;1;4;0;0;0;0;1;1;1;1;1;3;1;0;2;10;11;1
299;0;0;20;1;0;1;2;1;4;4;0;2;2;0;0;1;1;1;1;0;1;1;1;3;0;2;10;12;1
300;0;0;18;0;0;1;4;3;2;4;1;1;2;0;0;1;0;0;1;1;1;1;3;2;0;2;15;15;1
301;0;1;18;0;0;1;4;3;1;4;0;1;2;0;0;1;0;0;0;1;1;0;4;2;0;3;10;10;1
302;0;1;18;1;0;1;3;2;4;4;0;1;3;0;0;0;0;1;0;1;0;0;5;2;0;3;10;11;1
303;0;0;17;0;0;1;3;3;4;4;1;1;3;0;0;0;0;1;0;1;0;0;3;3;0;4;15;12;1
304;0;0;18;0;0;1;2;2;0;2;1;1;3;0;0;1;0;1;1;1;1;1;4;3;0;3;11;12;1
305;0;1;17;0;0;1;2;2;4;4;1;2;1;0;0;0;0;0;1;0;1;0;4;4;0;4;8;8;0
306;0;1;18;1;0;0;3;4;4;4;2;2;2;0;0;1;0;1;1;1;1;0;4;5;1;1;15;16;1
307;0;1;17;0;0;1;3;1;2;4;3;1;2;0;0;0;0;1;1;1;1;1;5;4;1;5;11;11;1
308;0;0;18;1;0;1;4;4;1;4;2;2;2;0;0;0;0;1;1;1;1;0;4;4;0;4;10;11;1
309;0;1;18;0;0;1;4;2;3;4;2;1;2;0;0;1;0;1;1;1;1;1;5;5;0;5;10;12;1
310;0;0;18;1;0;1;2;1;4;4;2;2;2;0;0;1;0;0;1;0;1;1;4;5;0;3;8;9;1
311;0;0;19;0;0;1;3;3;4;2;1;1;2;0;0;1;0;1;1;1;1;0;4;5;1;5;11;12;1
312;0;0;18;0;0;1;2;3;4;2;2;1;4;0;0;1;0;1;1;1;1;1;4;5;0;2;16;16;1
313;0;0;18;0;0;1;1;1;4;4;1;2;2;0;0;1;0;0;0;1;0;0;4;3;0;3;13;13;1
314;0;1;17;1;0;1;1;2;0;0;1;1;2;0;0;1;0;1;0;1;0;1;3;2;0;1;16;17;1
315;0;0;18;0;0;1;2;1;4;4;1;1;2;0;0;1;0;0;1;1;1;1;4;5;0;1;14;14;1
316;0;0;17;0;0;1;2;4;0;3;2;2;2;0;0;1;0;0;1;1;1;1;4;3;0;1;15;16;1
317;0;0;17;0;0;1;2;2;2;4;0;2;2;0;1;1;0;0;1;1;1;1;4;4;0;5;12;12;1
318;0;0;18;1;0;0;3;2;4;2;1;2;2;0;0;0;0;0;0;0;1;1;4;1;0;5;12;9;1
319;0;1;18;0;0;1;4;4;1;2;1;2;1;0;0;0;0;1;1;1;1;0;3;4;0;3;11;12;1
320;0;0;18;0;0;1;4;4;3;3;2;1;2;1;1;1;0;1;1;1;1;1;2;4;0;4;14;12;1
321;0;0;17;0;0;1;2;2;4;2;2;3;3;0;0;1;0;0;1;1;1;1;4;3;0;1;13;15;1
322;0;0;19;1;0;1;3;2;2;2;2;1;2;1;1;1;0;0;1;0;1;0;3;3;1;3;9;8;1
323;0;1;18;0;0;1;4;3;1;2;0;2;1;0;0;0;0;1;1;1;1;0;4;3;0;1;10;10;1
324;0;1;18;0;0;1;1;2;0;4;1;2;1;0;0;0;0;0;0;0;1;0;3;4;0;4;10;10;1
325;0;1;17;0;0;0;4;1;2;4;1;2;1;0;0;0;0;1;1;1;1;1;4;4;0;5;11;11;1
326;0;1;17;0;0;0;3;2;1;2;1;1;1;0;0;0;0;0;1;1;1;0;4;4;1;3;13;13;1
327;0;0;18;1;0;1;1;1;0;4;2;2;4;0;0;1;0;1;1;1;0;0;5;2;0;3;17;17;1
328;0;0;18;0;0;1;1;1;4;4;1;2;2;0;1;0;0;1;1;1;1;0;5;4;0;4;12;13;1
329;0;0;17;0;0;1;2;2;4;4;0;1;2;0;0;1;0;0;0;1;1;0;5;5;0;5;12;12;1
330;0;0;18;0;0;1;2;1;4;4;2;2;2;0;0;0;0;1;1;1;1;1;4;1;0;5;12;13;1
331;0;1;17;0;0;1;1;1;4;4;2;1;2;0;0;0;0;0;0;1;1;0;4;3;0;4;12;12;1
332;0;0;18;0;0;1;2;2;0;0;3;1;3;0;0;1;0;0;1;1;1;0;4;3;0;2;18;18;1
333;0;0;17;0;0;1;1;1;2;1;2;1;3;0;0;1;0;0;1;1;1;0;4;3;0;3;13;13;1
334;0;1;18;0;0;1;2;1;2;2;2;1;3;0;0;0;0;1;1;1;1;0;4;4;0;2;14;15;1
335;0;1;18;0;0;0;4;4;1;1;2;1;2;0;0;1;0;1;1;1;1;0;5;3;0;2;17;17;1
336;0;1;18;0;0;1;4;2;1;4;1;1;2;0;0;1;0;1;1;1;1;1;4;2;0;5;15;16;1
337;0;0;17;0;0;1;4;3;3;2;2;1;3;0;0;1;0;0;1;1;1;0;4;2;0;3;17;18;1
338;0;0;17;1;0;1;3;1;2;4;2;2;4;0;0;1;0;0;1;1;0;0;3;2;0;3;18;19;1
339;0;1;18;1;0;1;3;2;2;4;2;2;3;0;0;1;0;1;1;1;1;0;5;2;0;4;14;15;1
340;0;1;17;0;0;1;3;3;3;4;1;1;1;0;0;1;0;0;1;1;1;0;4;3;0;5;14;15;1
341;0;0;19;0;0;1;4;4;3;4;2;2;2;0;0;1;0;1;1;1;1;0;2;4;0;2;14;13;1
342;0;0;18;0;0;1;4;3;4;4;1;2;2;0;0;1;0;0;1;1;1;1;4;5;0;2;13;14;1
343;0;0;18;0;0;1;4;3;4;4;2;1;4;0;0;1;0;0;1;1;1;0;4;3;0;3;16;17;1
344;0;1;18;0;0;1;4;4;1;1;1;1;1;0;0;1;0;0;1;1;1;1;1;2;0;1;18;18;1
345;0;0;18;0;0;0;4;4;3;4;1;1;2;0;0;1;1;0;1;1;1;1;4;4;0;4;14;15;1
346;0;1;17;0;0;1;4;4;4;1;1;2;1;0;0;0;0;0;1;1;1;0;4;1;0;5;12;13;1
347;0;0;17;1;0;1;4;4;2;2;2;2;3;0;0;1;0;1;1;1;1;0;5;4;0;5;7;7;0
348;0;0;17;0;0;1;4;2;4;4;2;2;3;0;0;1;0;0;1;1;1;0;4;3;0;3;16;16;1
349;0;0;17;0;0;1;3;2;3;3;2;1;4;0;0;1;0;1;0;1;1;0;5;2;0;5;18;18;1
350;0;1;19;1;0;1;2;1;0;2;0;2;3;1;0;0;0;1;1;1;1;1;4;1;0;5;9;10;1
351;0;1;20;0;0;0;3;2;2;4;0;1;1;2;0;0;0;1;1;1;0;0;5;3;0;5;14;15;1
352;0;1;19;1;0;1;3;3;4;2;2;1;2;0;0;0;0;1;1;1;0;1;4;3;0;5;10;10;1
353;0;0;18;0;0;1;1;4;4;1;1;1;2;0;1;1;0;0;0;1;0;1;3;4;0;5;10;10;1
354;0;0;18;0;0;1;2;1;2;4;0;2;2;0;0;1;0;1;1;1;1;0;5;3;0;1;12;12;1
355;0;0;17;0;0;1;2;3;4;4;0;2;2;0;0;0;0;1;1;1;1;1;4;1;0;3;11;12;1
356;0;0;17;1;0;1;4;4;1;1;0;1;1;0;0;0;0;1;1;1;1;0;4;4;0;5;15;16;1
357;0;0;18;0;0;1;4;3;4;4;0;1;3;0;0;1;0;1;1;1;1;1;4;4;0;5;14;15;1
358;0;0;18;0;0;1;4;3;3;2;0;2;1;0;0;1;0;0;1;1;1;0;3;4;0;1;12;12;1
359;0;0;17;1;0;1;3;4;0;2;0;1;3;0;0;1;0;1;0;1;1;0;4;4;0;5;15;15;1
360;0;0;18;0;0;1;3;3;0;4;0;1;2;0;0;1;0;0;1;1;1;0;4;4;0;3;11;12;1
361;0;1;19;0;0;1;4;2;3;4;0;2;2;0;0;1;0;1;1;1;1;1;5;4;0;1;11;10;1
362;0;0;18;0;0;1;4;4;1;4;0;1;2;0;0;1;0;0;1;1;1;0;4;4;1;5;12;11;1
363;0;0;18;0;0;1;3;4;4;4;0;1;1;0;0;1;0;1;1;1;1;1;5;4;0;1;11;12;1
364;0;0;17;0;0;1;4;4;3;3;0;1;1;0;0;0;0;1;1;1;1;0;5;4;0;5;14;15;1
365;0;0;17;0;0;0;4;3;2;2;0;1;2;0;0;1;0;0;1;1;1;1;5;2;0;5;15;14;1
366;0;0;17;0;0;0;3;3;2;4;1;1;2;0;1;1;0;0;1;1;1;0;5;3;0;5;12;12;1
367;0;0;17;0;0;1;2;1;4;4;1;1;2;0;0;0;0;1;1;1;1;0;4;3;0;2;11;12;1
368;0;1;18;0;0;1;4;4;4;4;2;1;1;0;0;1;0;0;1;1;1;0;4;5;1;5;8;9;1
369;0;0;19;0;0;1;1;1;4;4;0;3;3;0;0;0;0;1;1;0;0;1;1;5;1;5;10;10;1
370;0;0;19;0;0;0;1;1;4;4;0;3;2;2;0;1;0;0;0;1;1;1;5;4;0;4;8;8;0
371;0;0;18;0;0;1;2;2;4;4;0;1;1;0;0;1;0;1;1;1;1;1;4;5;0;5;10;10;1
372;0;0;17;0;0;1;2;2;4;4;0;1;2;0;0;1;0;0;1;1;0;1;4;2;0;3;14;13;1
373;0;0;17;1;0;1;2;2;2;2;0;1;3;0;0;1;0;1;1;1;1;0;3;2;0;3;11;11;1
374;0;0;17;0;0;1;3;1;2;2;0;1;3;0;0;1;0;0;0;1;1;0;3;3;0;5;17;18;1
375;0;0;17;0;0;1;0;2;0;0;1;2;3;0;0;0;0;0;1;1;1;0;3;3;0;2;14;14;1
376;0;0;18;0;0;1;1;1;4;4;1;2;3;0;0;0;0;1;1;1;1;0;4;5;0;2;14;14;1
377;0;1;18;0;0;1;4;4;4;4;0;1;3;0;0;0;0;1;1;1;1;0;4;3;0;3;13;14;1
378;0;1;17;0;0;1;3;3;4;2;2;1;1;0;0;0;0;1;0;1;1;0;4;5;1;5;17;18;1
379;0;1;17;1;0;1;2;2;2;4;0;4;1;0;0;1;0;0;1;1;1;0;4;5;1;4;11;10;1
380;0;0;17;0;0;1;4;4;1;2;0;1;3;0;0;1;0;1;1;1;1;0;5;4;0;4;13;12;1
381;0;0;17;0;0;1;4;4;1;1;0;2;3;0;0;1;0;0;0;1;1;1;4;3;0;4;15;14;1
382;0;0;17;0;0;1;3;3;0;4;0;1;1;0;0;1;1;1;1;1;1;0;4;5;0;5;11;12;1
383;0;1;18;0;0;1;2;2;4;4;0;1;4;0;0;1;1;1;1;1;1;0;4;5;0;5;11;11;1
384;0;1;19;1;0;1;3;2;0;2;1;1;1;0;0;1;0;0;0;1;0;1;5;4;0;5;11;10;1
385;0;0;18;0;0;1;2;2;0;4;0;4;2;0;0;0;0;1;1;1;0;1;4;5;0;2;10;9;1
386;0;0;17;1;0;1;2;4;0;4;0;1;3;0;0;1;0;0;1;1;1;1;4;3;0;5;15;15;1
387;0;1;18;0;0;1;2;2;4;4;2;1;1;0;0;0;0;0;0;1;1;0;5;2;0;5;15;14;1
388;0;0;18;0;0;1;3;3;2;2;1;1;2;0;0;0;0;1;1;1;1;0;5;4;0;4;10;11;1
389;0;0;18;0;0;1;2;2;4;4;1;1;2;0;0;0;0;1;0;1;1;1;4;3;0;2;10;9;1
390;0;0;18;1;0;1;2;2;0;4;0;2;4;0;0;0;0;1;1;1;0;0;4;4;0;4;14;13;1
391;0;0;17;0;0;1;3;4;2;4;0;1;3;0;0;0;0;0;1;1;1;0;4;5;0;5;11;13;1
392;0;0;17;0;0;1;3;2;4;4;1;1;2;0;0;1;0;0;1;1;1;1;4;2;0;2;12;13;1
393;0;0;18;0;0;1;3;3;2;2;1;1;4;0;0;1;0;0;1;1;1;0;5;3;0;1;14;14;1
394;0;0;17;1;0;0;3;2;4;4;1;1;2;0;0;1;0;0;1;1;1;0;4;3;0;2;14;14;1
395;0;1;18;0;0;1;4;4;1;2;1;1;2;0;0;1;0;1;1;1;1;0;4;3;0;2;12;12;1
396;0;1;18;0;0;1;3;4;2;4;1;1;2;0;0;0;0;1;1;1;1;1;4;3;0;5;16;16;1
397;0;0;17;0;0;0;2;2;0;0;1;1;2;0;0;1;0;0;1;1;1;1;3;1;0;4;10;12;1
398;0;0;18;0;0;1;2;3;0;4;0;1;3;0;0;1;0;0;1;1;1;0;4;3;0;3;11;12;1
399;0;0;18;0;0;1;3;2;4;2;3;1;3;0;0;0;0;0;1;1;1;1;5;3;0;1;14;16;1
400;0;1;18;1;0;1;4;3;1;2;0;1;3;0;0;0;0;0;1;1;1;1;5;2;0;4;15;14;1
401;0;1;18;0;0;1;4;3;1;4;0;1;3;0;0;1;0;0;1;1;1;1;5;5;0;5;14;13;1
402;0;0;17;0;0;1;4;3;3;4;2;1;3;0;0;1;0;1;1;1;1;1;4;3;0;4;11;12;1
403;0;0;17;0;0;1;2;1;2;4;0;2;2;0;0;1;0;1;1;1;1;1;4;4;0;1;12;15;1
404;0;0;17;0;0;1;2;1;2;4;2;1;2;0;0;1;0;1;1;1;1;0;4;5;0;4;12;16;1
405;0;0;19;0;0;0;2;3;0;4;1;2;1;1;0;0;0;0;1;0;1;0;2;3;1;5;10;11;1
406;0;0;17;0;0;1;3;1;4;0;1;1;1;1;0;1;1;0;1;1;1;1;4;2;0;3;10;13;1
407;0;0;21;0;0;1;4;4;4;4;2;1;3;2;0;0;1;1;1;1;1;0;3;2;0;5;9;12;1
408;0;1;18;0;0;1;2;2;2;2;2;1;2;0;0;1;0;1;0;0;1;0;4;4;0;3;9;11;1
409;0;1;18;0;0;0;3;4;4;4;2;1;2;0;0;0;0;1;1;1;1;1;4;5;0;2;13;14;1
410;0;0;17;0;0;1;2;2;2;2;2;1;2;0;0;1;0;1;1;1;1;0;4;4;0;4;13;17;1
411;0;1;17;0;0;0;4;4;3;4;2;1;3;0;0;1;0;0;1;1;1;0;4;2;0;4;12;15;1
412;0;0;18;0;0;1;4;2;1;4;0;1;2;0;0;1;0;1;1;1;1;0;4;2;0;3;14;17;1
413;0;1;21;1;0;1;1;1;0;4;0;2;2;2;0;1;0;1;1;0;1;1;5;3;1;4;9;10;1
414;0;0;20;1;0;1;1;1;4;4;2;2;3;0;0;0;0;0;1;1;1;1;3;2;0;3;11;15;1
415;0;0;19;0;0;1;4;4;1;4;1;1;1;1;0;1;0;0;1;1;1;1;3;5;1;5;9;10;1
416;0;1;17;0;0;0;3;2;4;4;2;1;2;0;0;1;0;0;1;1;1;0;4;4;0;5;16;18;1
417;0;0;18;0;0;1;3;2;0;4;2;1;3;0;0;1;0;0;1;1;1;1;4;4;0;2;14;17;1
418;0;1;18;1;0;1;2;3;4;2;2;1;1;0;0;0;0;0;1;1;1;0;3;3;1;4;13;14;1
419;0;1;19;0;0;1;2;1;4;4;2;1;1;0;0;0;0;0;1;1;1;0;5;4;0;4;7;11;1
420;0;0;18;0;0;0;2;2;2;4;2;2;2;0;0;1;0;0;1;1;1;0;4;4;0;4;14;17;1
421;0;0;20;0;0;1;1;0;4;4;2;2;1;1;1;0;0;0;1;1;1;1;5;1;0;5;8;10;1
422;0;0;18;0;0;1;3;2;2;4;1;1;2;0;0;1;0;1;0;1;1;1;3;2;0;1;10;13;1
423;1;0;16;0;0;1;1;3;0;4;3;2;1;0;0;1;0;0;1;0;1;1;4;3;0;5;10;11;1
424;1;0;16;1;0;1;2;2;4;4;0;2;2;0;0;1;0;1;1;1;1;0;4;4;0;5;12;12;1
425;1;0;15;1;0;1;1;1;0;2;3;1;1;1;0;1;0;0;1;1;0;1;4;3;0;2;10;10;1
426;1;0;15;1;0;1;3;3;0;4;0;2;1;0;0;1;0;0;1;1;1;0;5;4;0;5;10;10;1
427;1;0;16;1;0;1;2;3;0;2;0;2;2;0;0;0;0;0;1;1;0;0;4;2;0;5;16;17;1
428;1;0;15;1;0;1;2;1;0;4;1;2;1;0;0;0;0;0;1;0;0;0;1;4;0;1;6;8;0
429;1;1;16;1;0;0;4;4;0;4;1;1;2;0;0;1;0;0;1;1;0;0;5;2;0;2;10;11;1
430;1;1;16;0;0;0;1;2;4;4;3;1;3;0;1;0;0;0;1;1;1;0;4;3;0;5;10;11;1
431;1;0;17;1;0;1;3;2;0;4;0;1;2;1;0;0;0;0;1;1;0;1;4;4;0;5;10;10;1
432;1;0;17;1;0;1;1;1;4;4;3;1;1;1;0;1;0;0;0;0;1;0;5;4;0;5;6;6;0
433;1;0;15;1;0;1;4;4;1;4;0;2;1;0;0;0;0;0;1;1;1;1;1;1;1;5;13;14;1
434;1;0;16;0;0;0;2;2;0;4;2;2;4;0;0;0;0;1;0;0;0;1;1;1;0;1;10;9;1
435;1;0;15;1;0;1;1;1;0;2;2;2;2;0;0;1;0;0;1;1;1;0;5;3;0;4;10;10;1
436;1;0;15;1;0;1;1;1;4;2;0;2;1;1;0;1;0;0;1;1;1;1;4;3;0;2;6;7;0
437;1;0;16;1;0;1;0;2;4;4;3;2;1;0;0;1;0;1;1;1;0;0;3;3;0;2;12;11;1
438;1;0;17;1;0;1;2;3;4;4;0;2;1;0;0;1;0;0;1;1;1;0;5;5;0;3;10;11;1
439;1;0;15;1;0;1;3;3;4;2;0;2;1;0;0;0;0;0;0;1;1;0;4;3;0;4;14;16;1
440;1;1;16;0;0;1;1;1;0;2;1;2;2;0;0;1;0;1;1;1;0;1;5;5;1;3;7;0;0
441;1;1;17;0;0;1;1;1;4;4;1;1;2;0;0;0;1;0;0;1;1;0;4;3;0;5;8;9;0
442;1;1;15;1;0;1;4;1;3;2;2;1;2;0;0;1;0;1;1;1;1;0;5;4;0;2;12;13;1
443;1;1;15;1;0;1;4;1;3;2;2;1;2;0;0;1;0;1;1;1;1;0;5;4;0;2;7;9;0
444;1;1;16;1;0;1;3;4;4;3;3;3;2;0;0;0;0;0;0;1;0;0;3;5;0;5;9;10;1
445;1;1;15;1;0;1;1;1;4;4;0;4;2;0;0;1;0;1;1;1;0;1;5;5;0;4;7;9;0
446;1;1;15;0;0;1;3;3;0;0;2;1;2;0;0;1;0;1;1;1;1;0;5;3;0;5;11;11;1
447;1;1;17;1;0;1;2;1;4;4;3;3;1;0;0;0;0;1;1;0;0;1;5;5;1;3;8;10;0
448;1;0;16;1;0;1;4;4;1;1;0;2;3;0;0;0;0;1;1;1;1;1;4;2;0;4;16;16;1
449;1;0;15;1;0;1;1;2;4;2;0;2;1;0;0;0;0;0;1;1;0;0;5;2;0;1;11;13;1
450;1;0;16;1;0;1;2;3;4;2;0;3;2;0;0;1;0;0;1;1;1;0;4;4;0;1;15;15;1
451;1;1;16;1;0;1;1;2;4;4;0;2;2;0;0;0;0;0;1;1;0;0;4;3;0;5;10;11;1
452;1;0;16;1;0;1;2;2;4;4;0;3;2;0;0;1;0;0;1;1;1;0;4;5;0;4;9;10;1
453;1;0;16;0;0;1;1;2;4;2;0;1;3;1;0;1;0;0;1;1;0;0;1;2;0;4;10;8;0
454;1;0;16;0;0;1;1;2;4;2;0;1;3;1;0;1;0;0;1;1;0;0;1;2;0;4;9;8;0
455;1;0;15;0;0;1;2;1;0;4;1;1;2;0;1;1;0;0;0;1;1;0;4;2;1;2;9;10;0
456;1;0;16;0;0;1;1;1;0;4;0;1;2;0;0;1;0;0;0;1;0;1;5;3;0;2;13;14;1
457;1;1;17;1;0;1;1;2;0;2;2;1;1;0;0;1;0;1;1;1;1;0;5;5;1;3;10;11;1
458;1;0;16;1;0;1;1;1;4;4;1;4;4;0;0;1;0;0;0;1;1;0;4;2;0;1;13;10;1
459;1;0;16;1;0;1;1;1;0;4;3;4;3;0;1;1;0;0;1;1;0;0;4;3;0;5;10;9;1
460;1;0;15;1;0;1;1;1;0;4;1;2;2;0;0;1;0;1;1;1;1;0;4;3;0;2;11;10;1
461;1;0;16;1;0;1;1;1;0;4;3;2;1;0;0;0;0;1;1;1;1;1;4;2;1;2;13;12;1
462;1;0;15;1;0;1;1;1;0;0;0;3;2;0;0;1;0;0;1;1;0;0;4;1;0;2;13;14;1
463;1;0;15;1;0;1;2;2;4;4;3;1;3;0;1;1;0;0;1;1;0;0;4;3;0;5;14;11;1
464;1;1;16;1;0;1;1;1;0;4;3;2;1;0;0;0;0;1;1;1;0;0;3;4;1;5;11;11;1
465;1;0;18;0;0;1;1;2;4;4;0;1;2;1;0;1;0;1;1;1;1;1;3;4;0;5;9;8;0
466;1;1;15;0;0;1;3;1;4;2;1;2;1;0;0;1;0;0;1;1;0;0;3;3;0;4;10;9;1
467;1;0;16;1;0;1;2;2;4;2;0;3;2;0;0;1;0;1;1;1;1;0;5;4;0;2;14;13;1
468;1;1;15;0;0;1;2;2;3;4;2;3;1;0;0;0;0;0;1;1;0;0;4;3;0;4;13;12;1
469;1;1;16;0;0;1;4;4;4;1;0;1;2;0;0;1;0;1;1;1;0;1;4;1;0;3;13;12;1
470;1;0;15;1;0;1;3;3;2;4;2;1;2;0;0;1;0;0;1;1;1;1;4;4;0;1;13;12;1
471;1;0;16;1;0;1;2;2;0;4;0;2;2;1;0;1;0;1;0;1;0;0;4;4;0;5;12;11;1
472;1;0;16;1;0;1;2;2;4;4;1;3;1;0;0;1;0;1;1;1;0;1;4;2;0;4;14;14;1
473;1;1;16;0;0;1;2;1;0;2;0;2;1;0;0;1;0;1;1;1;1;0;2;3;0;4;10;8;1
474;1;1;15;1;0;1;1;3;0;4;2;3;1;0;0;1;0;1;1;1;1;0;4;4;1;3;10;11;1
475;1;0;15;0;0;1;2;2;4;2;0;2;3;0;0;1;0;1;1;1;0;0;5;2;0;4;12;13;1
476;1;0;16;1;0;1;2;1;4;4;1;1;1;0;0;1;0;0;1;1;1;1;5;3;0;5;10;8;0
477;1;1;15;0;0;1;3;3;2;2;0;2;1;0;0;1;0;1;0;1;1;0;4;3;0;3;12;10;1
478;1;0;16;1;0;1;1;1;0;4;0;2;2;3;1;1;0;0;1;1;0;0;3;3;0;1;7;7;0
479;1;0;17;0;0;1;2;2;4;0;0;1;1;0;0;1;0;1;1;0;0;0;4;3;0;5;9;9;1
480;1;0;19;0;0;1;2;3;0;2;0;1;1;1;0;0;0;0;1;0;1;1;4;4;0;2;9;9;1
481;1;0;17;1;0;1;2;1;0;4;0;3;1;0;0;1;0;1;1;0;0;1;5;3;0;3;9;10;1
482;1;0;15;1;0;1;1;1;0;4;0;2;1;0;0;1;0;0;1;0;0;1;5;1;0;4;9;10;0
483;1;0;16;1;0;1;2;2;4;4;0;3;2;0;0;1;0;0;1;0;1;0;3;5;0;1;9;10;1
484;1;0;16;0;0;0;2;2;4;4;1;1;1;0;0;1;0;0;1;0;0;0;4;4;0;1;7;7;0
485;1;0;17;1;0;1;2;2;0;4;0;2;2;0;0;1;0;0;1;1;1;0;4;5;0;4;11;10;1
486;1;0;16;0;0;1;2;2;4;2;0;1;1;1;0;1;1;1;0;1;1;0;4;3;0;3;9;10;1
487;1;0;18;1;0;0;3;2;4;4;0;2;3;2;0;1;0;0;0;0;0;1;3;2;0;2;7;9;1
488;1;0;19;0;0;1;1;1;0;2;0;1;3;1;0;0;0;1;1;0;0;1;5;1;0;3;7;9;0
489;1;1;18;1;0;1;1;1;4;4;1;2;1;1;0;0;0;1;1;0;1;0;4;3;1;4;8;9;1
490;1;0;18;1;0;1;1;1;0;0;0;2;1;1;0;0;0;0;0;0;1;1;3;3;0;2;9;11;1
491;1;0;19;0;0;1;1;1;4;4;0;2;2;1;0;1;0;0;1;1;1;1;1;4;1;1;7;8;0
492;1;0;16;1;0;0;2;2;3;4;0;1;2;0;0;0;0;0;0;1;0;1;3;2;0;3;8;10;1
493;1;0;17;0;0;1;0;1;4;0;0;2;1;0;0;0;0;1;0;1;0;0;2;4;1;5;9;9;1
494;1;0;16;1;0;1;1;2;0;4;0;1;2;0;0;0;0;1;1;0;1;0;4;5;0;3;8;9;0
495;1;0;16;0;0;1;3;3;4;4;2;1;1;0;0;0;0;1;1;0;1;1;4;4;0;4;14;13;1
496;1;0;16;1;0;1;1;1;2;2;1;1;1;0;0;1;0;1;1;1;1;1;4;4;0;4;14;14;1
497;1;1;17;0;0;1;3;3;2;0;0;2;4;1;0;1;1;1;1;1;0;0;5;5;1;5;10;11;1
498;1;0;16;0;0;1;2;1;4;2;0;1;2;0;0;1;0;1;1;1;1;0;5;3;0;1;14;13;1
499;1;0;16;0;0;1;2;2;2;4;0;1;1;0;0;1;1;1;1;1;0;1;4;5;0;5;17;16;1
500;1;1;17;0;0;1;1;2;4;4;0;1;1;1;0;1;0;1;1;0;1;1;5;5;1;1;6;7;0
501;1;1;16;0;0;1;4;3;4;4;0;1;1;0;0;0;0;1;1;1;1;0;4;5;0;5;14;12;1
502;1;1;17;1;0;1;2;2;2;2;3;3;4;1;0;1;0;0;1;1;0;0;1;5;1;3;10;8;0
503;1;0;16;0;0;1;1;1;4;4;0;1;4;0;1;1;0;1;1;1;1;0;2;1;0;5;14;14;1
504;1;0;19;0;0;1;2;2;4;4;1;1;3;0;0;0;0;0;1;1;1;1;5;5;0;1;12;13;1
505;1;0;17;1;0;1;1;1;0;4;2;2;1;0;0;1;0;1;0;1;1;1;4;5;0;5;11;11;1
506;1;0;20;0;0;1;3;3;0;2;3;2;2;1;0;0;0;1;1;1;1;1;3;4;0;3;11;9;1
507;1;0;17;0;0;1;1;1;4;2;0;1;3;0;0;1;0;0;1;1;0;1;4;3;0;3;11;11;1
508;1;1;17;1;0;1;2;2;4;4;0;3;1;1;0;1;0;0;0;1;1;0;4;5;0;5;10;9;0
509;1;0;16;1;0;1;1;1;0;4;0;3;2;0;0;1;0;0;1;1;0;0;5;2;0;1;16;17;1
510;1;0;17;1;0;1;2;2;4;4;2;2;2;0;0;1;0;1;1;1;0;0;5;2;0;1;15;17;1
511;1;0;17;0;0;0;1;0;4;4;3;2;2;0;0;0;0;0;1;1;1;1;4;5;0;4;11;9;1
512;1;0;18;1;0;1;1;1;0;4;3;1;2;1;0;1;0;0;1;1;1;1;4;2;0;5;7;7;0
513;1;0;16;0;0;1;3;1;4;4;0;1;1;0;0;0;0;1;1;1;1;0;3;3;0;1;8;6;0
514;1;0;16;0;0;1;3;2;2;0;0;1;1;0;0;0;0;0;1;1;1;0;3;3;0;3;7;6;0
515;1;0;18;0;0;1;1;1;4;0;2;2;2;0;1;0;0;0;1;1;0;0;2;5;0;3;9;8;1
516;1;0;16;1;0;1;4;4;3;1;2;1;2;0;0;0;0;1;0;1;1;1;4;3;0;2;14;16;1
517;1;0;16;1;0;1;1;2;4;4;2;2;1;0;0;0;0;1;1;1;1;0;5;5;0;2;14;14;1
518;1;0;18;0;0;0;2;4;4;2;2;1;2;1;0;1;0;0;1;1;1;0;2;2;0;1;8;5;0
519;1;1;16;1;0;1;2;1;4;2;2;2;2;0;0;0;0;1;1;1;1;0;5;1;0;2;8;7;0
520;1;0;16;0;0;1;1;1;0;4;3;3;2;0;0;1;0;0;1;1;1;0;4;2;0;5;6;8;0
521;1;0;16;1;0;1;2;3;0;2;3;2;2;0;0;1;0;1;1;1;1;0;3;3;0;2;8;10;1
522;1;0;16;0;0;1;4;4;3;3;0;1;2;0;0;1;0;0;1;1;1;1;4;4;0;3;8;8;0
523;1;1;18;0;0;1;4;4;0;3;1;1;4;0;0;1;0;1;1;0;1;1;5;5;1;5;5;6;0
524;1;0;16;1;0;1;3;4;0;4;3;3;2;0;0;1;0;0;0;1;0;0;4;1;0;2;7;9;0
525;1;1;17;0;0;1;4;4;4;2;1;1;3;0;0;1;0;0;1;1;1;0;4;3;0;5;15;14;1
526;1;0;17;1;0;1;4;1;4;4;3;1;1;0;0;0;0;0;1;1;1;1;4;3;0;5;13;14;1
527;1;1;16;0;0;1;2;2;2;2;3;4;3;0;0;0;0;0;1;1;0;0;5;3;0;3;10;9;1
528;1;0;17;1;0;1;2;2;0;4;3;1;1;0;0;1;1;0;1;1;1;0;5;3;0;5;9;9;0
529;1;0;16;0;0;1;4;4;2;2;3;2;1;0;0;1;0;0;1;1;0;0;5;3;0;5;11;11;1
530;1;1;17;0;0;1;3;3;2;2;1;1;1;0;0;1;0;1;1;1;1;0;4;4;1;3;7;10;0
531;1;1;17;0;0;1;1;1;0;2;3;3;2;0;0;0;0;0;1;1;1;1;5;3;1;1;10;10;1
532;1;1;16;0;0;1;2;1;3;2;3;2;2;0;0;0;0;0;0;1;1;1;4;2;0;5;9;7;0
533;1;0;16;0;0;1;2;1;4;2;3;1;2;0;0;0;0;0;1;1;1;1;3;2;0;3;14;15;1
534;1;1;16;0;0;1;4;4;1;3;3;1;1;0;0;1;0;0;1;1;1;0;4;2;0;5;11;12;1
535;1;1;15;1;0;1;1;2;4;2;0;3;2;0;0;1;0;1;1;1;0;0;5;5;0;5;9;11;1
536;1;1;15;0;0;0;2;2;4;4;2;3;4;0;0;1;0;1;1;1;0;0;5;5;0;5;13;14;1
537;1;1;15;0;0;0;2;1;2;2;0;1;1;0;0;0;0;1;1;1;1;0;4;3;0;5;12;13;1
538;1;0;16;1;0;1;2;2;4;4;0;1;3;0;0;1;0;0;0;1;0;1;4;3;0;5;11;11;1
539;1;0;16;0;0;1;4;1;4;4;1;2;2;0;0;1;0;1;1;1;1;0;1;4;0;1;9;10;1
540;1;0;17;0;0;1;3;2;0;4;1;2;1;0;0;0;0;0;1;1;0;1;4;3;0;1;9;11;1
541;1;0;17;1;0;1;2;2;4;4;3;2;2;0;1;0;1;0;1;1;0;0;5;3;0;5;11;9;1
542;1;0;16;0;0;1;4;4;1;2;0;2;3;0;0;1;0;0;1;1;1;1;5;5;0;5;10;11;1
543;1;1;17;1;0;1;4;4;3;4;0;3;1;3;0;0;0;1;1;1;1;1;3;3;0;5;9;9;0
544;1;1;17;1;0;1;1;3;4;4;0;2;1;0;0;0;0;1;1;1;0;1;5;2;1;5;12;11;1
545;1;1;17;0;0;1;3;4;2;4;3;1;2;1;0;1;0;1;0;1;1;1;5;4;1;5;8;9;0
546;1;0;17;0;0;1;4;4;3;3;0;1;2;0;0;1;0;0;1;1;1;0;5;5;0;5;13;15;1
547;1;1;16;1;0;1;4;1;4;0;3;1;1;0;0;0;0;0;1;1;1;0;4;2;0;2;10;11;1
548;1;0;17;0;0;0;1;1;0;0;3;1;2;0;0;0;0;1;1;1;1;1;4;5;0;3;11;10;1
549;1;0;17;1;0;1;4;2;4;4;0;2;2;0;1;1;0;0;0;1;1;0;4;3;0;5;17;18;1
550;1;1;16;0;0;0;2;2;4;2;0;2;2;0;0;1;0;0;0;1;1;1;4;2;0;5;12;13;1
551;1;1;17;0;0;1;3;2;4;4;3;2;2;0;0;1;1;0;1;1;1;0;4;2;0;1;13;14;1
552;1;1;19;0;0;1;1;1;4;4;3;1;2;2;0;1;0;1;1;0;1;0;4;3;1;4;9;9;1
553;1;1;17;0;0;0;1;0;4;4;1;1;1;0;0;0;0;0;1;1;0;1;4;2;0;5;11;11;1
554;1;0;17;1;0;1;1;1;0;0;0;2;1;0;0;1;0;1;1;0;1;1;3;5;0;4;10;11;1
555;1;0;16;1;0;1;1;2;4;4;1;1;3;0;1;1;0;0;0;1;1;1;4;4;0;3;13;14;1
556;1;1;16;1;0;1;1;2;4;0;0;1;1;0;0;0;0;0;1;1;0;0;4;4;0;5;9;10;1
557;1;0;17;1;0;1;3;1;4;4;0;2;2;3;0;1;0;1;0;1;1;1;5;4;0;5;7;9;1
558;1;1;17;1;0;1;2;2;4;4;0;2;1;0;0;0;0;1;1;0;0;1;5;5;1;5;8;13;1
559;1;1;18;1;0;1;1;0;0;0;0;3;1;1;1;1;0;0;1;1;0;0;4;2;0;4;12;12;1
560;1;1;17;1;0;1;1;1;4;2;0;2;1;0;0;1;0;1;0;1;1;1;4;5;0;2;10;9;1
561;1;1;18;0;0;1;1;1;0;0;0;2;2;0;0;1;0;1;1;1;0;0;4;3;0;5;10;9;1
562;1;0;16;1;0;1;2;2;4;2;0;1;2;0;0;0;0;1;1;1;0;1;5;3;0;1;11;13;1
563;1;1;17;0;0;1;2;2;4;4;0;1;1;1;0;0;0;1;1;1;0;1;1;1;0;5;7;0;0
564;1;1;16;1;0;1;3;2;2;4;0;2;1;0;0;0;0;0;1;1;1;0;4;5;0;5;11;9;1
565;1;1;16;1;0;1;1;1;0;4;0;2;1;0;0;0;0;1;1;1;1;0;4;5;0;5;10;10;0
566;1;1;18;1;0;1;1;1;2;4;0;2;1;1;0;1;0;0;1;0;1;1;5;3;0;5;9;7;0
567;1;1;18;1;0;1;3;2;2;4;0;1;1;1;0;0;0;0;1;0;1;0;2;1;0;5;4;0;0
568;1;1;19;0;0;1;3;2;0;2;0;2;1;3;0;0;0;1;1;1;0;0;3;1;0;3;6;11;0
569;1;1;18;0;0;1;3;3;0;0;0;1;2;2;0;1;0;1;1;0;1;0;4;5;0;3;4;8;0
570;1;1;16;1;0;1;2;2;2;2;0;2;1;0;0;1;0;1;1;1;1;1;5;3;0;4;7;8;0
571;1;1;19;0;0;1;2;1;0;4;0;2;1;3;0;0;0;1;0;0;1;1;4;3;0;5;8;9;0
572;1;0;16;0;0;0;3;2;2;0;0;2;2;2;0;1;0;1;1;1;0;1;2;5;0;1;5;5;0
573;1;0;17;0;0;1;1;1;4;0;0;1;1;0;0;1;0;1;1;1;0;0;4;2;0;5;7;9;1
574;1;1;20;1;0;1;1;1;4;4;0;2;1;1;0;1;0;0;1;0;1;1;4;3;0;4;8;11;1
575;1;0;18;1;0;0;4;3;2;2;0;1;1;0;0;1;0;0;1;1;1;0;5;4;1;2;10;11;1
576;1;1;18;1;0;1;3;2;4;4;0;2;1;0;0;1;0;0;0;1;1;0;2;5;1;5;9;10;1
577;1;1;19;1;0;1;1;1;4;2;1;3;2;1;0;0;0;0;1;1;1;0;5;4;1;2;10;9;1
578;1;1;17;0;0;1;3;3;3;4;0;2;2;1;0;1;0;0;1;1;1;0;4;4;0;3;8;9;1
579;1;1;18;0;0;1;1;3;0;2;0;1;1;0;0;0;0;0;1;0;1;1;4;3;0;3;9;10;0
580;1;1;19;1;0;1;1;1;4;4;1;3;1;1;0;1;0;0;1;1;1;0;4;4;1;5;8;9;1
581;1;0;18;0;0;0;1;2;0;4;0;2;2;2;0;1;0;0;1;1;0;0;4;3;0;5;6;8;0
582;1;0;19;0;0;0;1;1;0;4;0;1;1;0;0;1;0;0;1;0;0;0;1;4;0;5;6;8;0
583;1;0;18;1;0;1;2;2;4;4;3;2;1;1;0;0;0;0;1;0;1;1;5;5;0;3;8;6;0
584;1;0;17;1;0;1;0;0;0;4;0;2;1;0;0;1;0;0;1;1;1;0;4;3;0;5;10;11;1
585;1;0;17;1;0;0;3;1;4;0;0;2;3;0;0;1;1;0;1;0;0;0;4;3;0;3;8;7;0
586;1;0;17;0;0;1;4;2;1;2;1;1;2;0;1;1;0;1;1;1;1;0;5;5;0;5;8;8;0
587;1;0;18;1;0;1;2;2;2;2;0;1;2;1;0;1;0;1;1;1;1;0;2;3;0;4;7;6;0
588;1;0;17;0;0;1;4;1;3;0;0;1;1;0;0;1;0;0;1;1;0;1;3;2;0;5;8;10;0
589;1;0;17;0;0;1;1;2;0;4;0;1;1;0;0;0;0;0;1;1;1;0;5;1;0;3;7;10;1
590;1;0;18;0;0;1;1;1;4;4;0;3;2;2;0;0;0;1;1;1;0;1;3;4;0;5;7;8;0
591;1;0;18;0;0;1;2;2;2;0;2;2;2;0;0;0;0;1;0;1;1;0;4;5;0;1;12;13;1
592;1;0;17;0;0;1;3;3;2;2;0;2;1;0;0;1;0;0;1;1;1;0;4;3;0;4;11;12;1
593;1;0;18;0;0;0;1;2;0;4;2;2;2;0;0;0;0;0;1;1;1;0;4;3;0;4;12;13;1
594;1;0;18;0;0;1;4;4;1;1;2;2;2;0;0;0;0;1;0;1;1;0;4;5;0;1;18;18;1
595;1;1;18;0;0;1;4;4;2;4;2;1;1;0;0;1;0;1;1;1;1;0;5;5;0;5;17;17;1
596;1;0;17;0;0;1;4;2;4;4;0;2;2;0;0;1;0;0;1;1;1;0;4;3;0;4;17;18;1
597;1;0;18;1;0;1;2;2;0;4;0;3;2;1;0;0;0;1;1;1;0;1;4;3;0;4;9;0;0
598;1;1;18;0;0;1;1;2;0;2;1;2;1;0;0;1;0;0;0;1;0;0;4;4;1;1;10;11;1
599;1;1;18;1;0;1;4;4;0;2;3;3;1;0;0;1;1;1;1;1;1;1;2;5;0;1;12;13;1
600;1;1;17;1;0;1;1;1;4;2;3;3;1;0;0;0;0;0;0;0;0;0;4;3;1;4;12;13;1
601;1;0;18;0;0;1;2;2;4;4;0;2;2;0;0;1;0;0;0;1;1;1;1;1;0;2;8;8;1
602;1;0;18;0;0;1;2;2;2;2;0;2;3;0;0;0;0;0;1;1;1;1;5;5;0;3;11;12;1
603;1;0;18;1;0;0;4;2;1;4;2;1;2;0;0;0;0;1;1;1;1;1;5;1;0;5;5;0;0
604;1;0;18;0;0;1;1;1;0;2;0;3;2;1;0;0;0;0;1;0;0;0;4;2;0;2;9;10;1
605;1;0;19;0;0;1;1;1;0;2;3;2;1;1;0;0;0;0;1;0;0;0;5;5;0;2;5;0;0
606;1;0;17;0;0;1;4;2;1;4;0;2;4;0;0;0;0;0;1;1;1;1;4;3;0;5;18;18;1
607;1;0;17;1;0;0;2;1;2;4;2;2;2;0;0;0;0;1;1;1;1;1;5;3;0;2;11;11;1
608;1;0;18;0;0;0;1;1;0;2;0;1;2;0;0;0;0;0;1;1;0;1;5;3;0;3;8;10;1
609;1;0;18;0;0;1;1;2;0;0;0;2;2;0;0;1;0;0;1;0;0;0;4;1;0;4;11;11;1
610;1;0;19;1;0;0;1;1;0;0;0;2;2;3;0;1;0;1;1;0;0;1;3;4;0;1;8;0;0
611;1;0;18;1;0;1;2;2;2;4;1;2;3;0;0;0;0;0;1;1;1;1;4;1;0;4;14;14;1
612;1;1;17;1;0;1;4;3;2;4;1;2;2;1;0;1;1;1;0;1;1;1;4;5;0;2;10;11;1
613;1;0;18;0;0;1;3;3;2;2;0;1;2;0;0;1;0;0;1;1;0;1;5;4;0;5;10;10;1
614;1;0;17;1;0;1;4;4;1;2;3;2;2;0;0;1;1;1;1;1;1;0;4;3;0;5;12;12;1
615;1;0;17;0;0;0;3;2;2;4;2;2;2;0;0;0;0;0;1;1;0;1;1;3;0;5;15;14;1
616;1;1;18;0;0;1;1;1;4;2;1;2;1;0;0;0;0;0;0;1;1;1;3;2;0;3;14;13;1
617;1;0;18;0;0;1;1;1;0;2;0;2;3;0;0;0;0;0;1;1;1;0;5;2;0;4;19;17;1
618;1;0;18;1;0;0;1;2;0;4;0;3;2;0;0;0;0;0;1;1;0;1;4;4;0;5;16;15;1
619;1;0;18;0;0;1;3;3;2;2;3;2;2;0;0;1;0;0;1;1;1;1;4;2;0;3;13;12;1
620;1;0;17;0;0;1;4;4;0;0;0;1;2;0;0;1;0;1;1;1;1;1;2;4;0;1;15;14;1
621;1;0;17;1;0;1;1;2;4;2;0;2;2;0;0;0;0;0;0;1;0;0;3;2;0;3;13;13;1
622;1;1;18;1;0;1;1;3;0;4;0;2;2;0;0;1;1;0;1;1;0;0;3;4;0;3;8;10;0
623;1;1;18;0;0;1;4;4;1;2;3;2;3;0;0;0;0;0;1;1;1;1;4;2;0;5;15;16;1
624;1;0;17;1;0;1;1;1;4;2;2;3;1;1;0;1;0;0;1;1;1;1;5;1;0;1;8;8;0
625;1;0;18;0;0;1;2;3;0;2;0;2;1;0;0;1;0;0;1;1;1;1;5;3;0;4;10;10;1
626;1;0;18;1;0;1;4;4;4;1;3;3;2;0;0;1;0;0;0;1;1;1;3;2;1;5;7;5;0
627;1;1;18;1;0;1;1;2;0;2;3;3;1;0;0;1;0;1;1;0;1;1;4;3;0;3;9;10;1
628;1;0;17;0;0;1;2;2;4;0;1;1;3;0;0;0;0;1;1;1;0;1;3;3;0;3;10;11;1
629;1;0;17;1;0;1;1;2;4;4;0;1;1;0;0;0;0;1;1;1;1;0;3;5;0;1;7;8;0
630;1;0;18;1;0;1;4;4;4;4;2;2;3;0;0;0;0;0;1;1;1;0;5;4;0;1;15;17;1
631;1;0;18;1;0;1;1;1;4;4;1;4;3;0;0;0;0;0;1;1;1;0;4;2;0;4;10;11;1
632;1;0;19;1;0;1;1;1;0;4;0;2;2;1;0;1;0;0;1;1;1;1;4;3;0;3;7;8;0
633;1;0;18;1;0;1;4;4;1;2;0;1;2;0;0;0;0;1;1;1;1;0;5;3;1;2;13;14;1
634;1;0;18;0;0;1;3;3;4;4;1;1;2;0;0;0;0;0;1;1;1;1;4;3;0;1;16;16;1
635;1;0;17;1;0;1;3;1;0;4;2;1;2;0;0;1;0;1;0;1;1;0;4;4;0;1;8;9;0
636;1;1;18;0;0;1;4;4;1;1;1;1;2;0;0;0;0;1;0;1;1;0;3;4;0;2;17;18;1
637;1;1;18;1;0;1;2;1;4;4;3;2;1;0;0;0;0;1;0;1;1;1;4;3;0;5;7;7;0
638;1;1;17;0;0;1;2;3;4;2;1;2;2;0;0;0;0;1;1;1;1;0;4;3;0;3;14;15;1
639;1;1;19;1;0;1;1;1;4;2;3;2;1;1;0;0;0;0;1;1;0;0;4;2;0;5;5;8;0
640;1;1;18;1;0;1;4;2;4;4;1;2;1;1;0;0;1;0;1;1;0;0;5;3;1;3;7;7;0
641;1;0;18;1;0;1;2;2;0;4;3;2;3;0;0;0;0;0;1;1;0;0;5;3;0;4;14;17;1
642;1;0;17;0;0;1;4;3;1;4;3;2;2;0;0;0;0;0;1;1;1;0;5;4;0;1;6;9;1
643;1;0;18;1;0;1;4;4;1;0;2;3;1;0;0;1;0;1;1;1;1;1;4;3;0;5;7;9;1
644;1;0;19;1;0;1;2;3;2;4;0;1;3;1;0;0;0;1;0;1;1;0;5;2;0;5;10;11;1
645;1;0;18;0;0;1;3;1;1;2;0;1;2;0;0;1;0;0;1;1;1;0;4;4;0;1;15;15;1
646;1;0;18;0;0;1;1;1;4;4;0;2;2;0;0;0;0;1;1;1;0;0;1;1;0;5;11;12;0
647;1;1;17;0;0;1;3;1;2;2;0;2;1;0;0;0;0;0;0;1;1;0;2;5;1;2;10;10;1
648;1;1;18;1;0;1;3;2;2;4;0;3;1;0;0;0;0;0;0;1;1;0;4;1;1;5;10;11;1